{
  "_format": "hh-sol-cache-2",
  "files": {
    "/Users/toufiqueimam/Desktop/other-codes/staking/contracts/StakingContractFlattened.sol": {
      "lastModificationDate": 1695551629558,
      "contentHash": "f0e0de30ab079b30c8570c76784c3da9",
      "sourceName": "contracts/StakingContractFlattened.sol",
      "solcConfig": {
        "version": "0.8.19",
        "settings": {
          "optimizer": {
            "enabled": true,
            "runs": 200
          },
          "viaIR": true,
          "outputSelection": {
            "*": {
              "*": [
                "abi",
                "evm.bytecode",
                "evm.deployedBytecode",
                "evm.methodIdentifiers",
                "metadata"
              ],
              "": [
                "ast"
              ]
            }
          }
        }
      },
      "imports": [],
      "versionPragmas": [
        "^0.8.0",
        "^0.8.0",
        "^0.8.0",
        "^0.8.0",
        "^0.8.0",
        "^0.8.0",
        "^0.8.0",
        "^0.8.0",
        "^0.8.0",
        "^0.8.0",
        "^0.8.0",
        "^0.8.0"
      ],
      "artifacts": [
        "Context",
        "IERC165",
        "IERC20",
        "IERC721",
        "IERC721Receiver",
        "Ownable",
        "Pausable",
        "ReentrancyGuard",
        "StakingContract"
      ]
    }
  }
}
